{"Mean":{"confidence_interval":{"confidence_level":0.95,"lower_bound":106.68841886187465,"upper_bound":109.22208243351994},"point_estimate":107.8846838798444,"standard_error":0.6453952692442209},"Median":{"confidence_interval":{"confidence_level":0.95,"lower_bound":105.17170781893005,"upper_bound":106.35079510996908},"point_estimate":105.68771467776975,"standard_error":0.29637513805084215},"MedianAbsDev":{"confidence_interval":{"confidence_level":0.95,"lower_bound":2.7527519013887987,"upper_bound":5.681517256516728},"point_estimate":3.948582565101837,"standard_error":0.782241678151479},"Slope":{"confidence_interval":{"confidence_level":0.95,"lower_bound":106.2217265195985,"upper_bound":108.8478824369654},"point_estimate":107.53971184485705,"standard_error":0.6719951960966337},"StdDev":{"confidence_interval":{"confidence_level":0.95,"lower_bound":4.689201894659433,"upper_bound":8.238899765812771},"point_estimate":6.4903810459833515,"standard_error":0.9218516579176412}}