{"Mean":{"confidence_interval":{"confidence_level":0.95,"lower_bound":12834.81777071017,"upper_bound":13389.851312016643},"point_estimate":13091.567819610871,"standard_error":141.8919571904548},"Median":{"confidence_interval":{"confidence_level":0.95,"lower_bound":12489.244000234567,"upper_bound":12705.47435897436},"point_estimate":12575.838007478633,"standard_error":53.05999506163763},"MedianAbsDev":{"confidence_interval":{"confidence_level":0.95,"lower_bound":233.07230260943078,"upper_bound":534.3131704993536},"point_estimate":347.4602256678872,"standard_error":73.91018709513035},"Slope":{"confidence_interval":{"confidence_level":0.95,"lower_bound":12674.698943476582,"upper_bound":13005.257641640896},"point_estimate":12833.00333113564,"standard_error":84.39157780241135},"StdDev":{"confidence_interval":{"confidence_level":0.95,"lower_bound":848.2232652559093,"upper_bound":1912.596406274015},"point_estimate":1426.867018158807,"standard_error":271.6227682729053}}