{"Mean":{"confidence_interval":{"confidence_level":0.95,"lower_bound":6002.555703757662,"upper_bound":6141.049111970358},"point_estimate":6063.910141170985,"standard_error":35.64158278149088},"Median":{"confidence_interval":{"confidence_level":0.95,"lower_bound":5968.750823740407,"upper_bound":6046.935050993022},"point_estimate":6010.343739115291,"standard_error":15.993828055922828},"MedianAbsDev":{"confidence_interval":{"confidence_level":0.95,"lower_bound":105.38338242637225,"upper_bound":180.73049706282714},"point_estimate":147.62045255960916,"standard_error":18.56362753788004},"Slope":{"confidence_interval":{"confidence_level":0.95,"lower_bound":6010.269700804542,"upper_bound":6080.266292107268},"point_estimate":6045.124332262413,"standard_error":17.873547818398166},"StdDev":{"confidence_interval":{"confidence_level":0.95,"lower_bound":158.34780228302625,"upper_bound":530.5059368800303},"point_estimate":358.25906426837275,"standard_error":99.33420243143068}}