{"Mean":{"confidence_interval":{"confidence_level":0.95,"lower_bound":14919.69954319518,"upper_bound":15513.423354967872},"point_estimate":15178.146520460583,"standard_error":153.4858284884141},"Median":{"confidence_interval":{"confidence_level":0.95,"lower_bound":14870.68936988937,"upper_bound":15000.219126751384},"point_estimate":14922.205606060605,"standard_error":36.18104153581927},"MedianAbsDev":{"confidence_interval":{"confidence_level":0.95,"lower_bound":248.62962882457924,"upper_bound":432.83473942527536},"point_estimate":319.82723591173095,"standard_error":46.52877275133871},"Slope":{"confidence_interval":{"confidence_level":0.95,"lower_bound":14953.013935040382,"upper_bound":15194.984820282525},"point_estimate":15066.657025851839,"standard_error":61.99774169057151},"StdDev":{"confidence_interval":{"confidence_level":0.95,"lower_bound":491.95581824770085,"upper_bound":2281.043960594183},"point_estimate":1538.6240276763538,"standard_error":462.5588591163237}}