{"Mean":{"confidence_interval":{"confidence_level":0.95,"lower_bound":15170.194365105921,"upper_bound":15855.72739640156},"point_estimate":15466.046625399831,"standard_error":176.81090209673764},"Median":{"confidence_interval":{"confidence_level":0.95,"lower_bound":14947.25918803419,"upper_bound":15191.514544650752},"point_estimate":15056.624009324009,"standard_error":70.99170719268652},"MedianAbsDev":{"confidence_interval":{"confidence_level":0.95,"lower_bound":592.9093242948167,"upper_bound":991.1561978285606},"point_estimate":770.9527650131974,"standard_error":101.55229238999851},"Slope":{"confidence_interval":{"confidence_level":0.95,"lower_bound":15093.782143773564,"upper_bound":15567.872832962947},"point_estimate":15323.207181639404,"standard_error":121.19402094420066},"StdDev":{"confidence_interval":{"confidence_level":0.95,"lower_bound":792.7465693211449,"upper_bound":2740.352563070606},"point_estimate":1781.8469034275993,"standard_error":569.2461331689143}}