{"Mean":{"confidence_interval":{"confidence_level":0.95,"lower_bound":-0.04674073948160775,"upper_bound":-0.015381000187550441},"point_estimate":-0.030896869504641544,"standard_error":0.008030317242670221},"Median":{"confidence_interval":{"confidence_level":0.95,"lower_bound":-0.04412388287078582,"upper_bound":-0.012785568301678873},"point_estimate":-0.027433325140969633,"standard_error":0.007807296058267761}}