{"Mean":{"confidence_interval":{"confidence_level":0.95,"lower_bound":-0.06390178142593711,"upper_bound":0.011522611227636901},"point_estimate":-0.02498641052813866,"standard_error":0.019232252322060453},"Median":{"confidence_interval":{"confidence_level":0.95,"lower_bound":-0.037824910674182255,"upper_bound":-0.018936791857105298},"point_estimate":-0.026569524146223045,"standard_error":0.0046654908920364}}