{"Mean":{"confidence_interval":{"confidence_level":0.95,"lower_bound":724.9520725186724,"upper_bound":741.4829386261974},"point_estimate":732.3464962954574,"standard_error":4.228867922873084},"Median":{"confidence_interval":{"confidence_level":0.95,"lower_bound":719.8594884396292,"upper_bound":732.5385523929932},"point_estimate":726.0192828343222,"standard_error":2.926406589758517},"MedianAbsDev":{"confidence_interval":{"confidence_level":0.95,"lower_bound":15.246600455069608,"upper_bound":24.915939353015624},"point_estimate":19.732188646309627,"standard_error":2.412948177197382},"Slope":{"confidence_interval":{"confidence_level":0.95,"lower_bound":713.4554201836262,"upper_bound":721.3971731408046},"point_estimate":717.1924810730638,"standard_error":2.0268872987402267},"StdDev":{"confidence_interval":{"confidence_level":0.95,"lower_bound":20.54668430394726,"upper_bound":61.214077794466995},"point_estimate":42.379911119301845,"standard_error":10.769171767586553}}