{"Mean":{"confidence_interval":{"confidence_level":0.95,"lower_bound":748.7612371037177,"upper_bound":776.2928628061472},"point_estimate":761.5712791250183,"standard_error":7.056352875625507},"Median":{"confidence_interval":{"confidence_level":0.95,"lower_bound":735.4315030116263,"upper_bound":748.5052999309282},"point_estimate":745.5858194275972,"standard_error":3.52441225554037},"MedianAbsDev":{"confidence_interval":{"confidence_level":0.95,"lower_bound":21.456891624768353,"upper_bound":39.531424117192465},"point_estimate":32.07652450340582,"standard_error":4.531968996148312},"Slope":{"confidence_interval":{"confidence_level":0.95,"lower_bound":739.872591094314,"upper_bound":757.4548635261253},"point_estimate":748.162856131553,"standard_error":4.485169104415722},"StdDev":{"confidence_interval":{"confidence_level":0.95,"lower_bound":42.795568035029135,"upper_bound":95.82273967207291},"point_estimate":71.32316312532956,"standard_error":13.565212782326924}}