{"Mean":{"confidence_interval":{"confidence_level":0.95,"lower_bound":501.0916671485168,"upper_bound":517.9121275954183},"point_estimate":508.7252218256237,"standard_error":4.318985792212499},"Median":{"confidence_interval":{"confidence_level":0.95,"lower_bound":499.3379329151895,"upper_bound":512.4356881476683},"point_estimate":507.55913131085583,"standard_error":3.7665179213823996},"MedianAbsDev":{"confidence_interval":{"confidence_level":0.95,"lower_bound":16.269271975066008,"upper_bound":28.067404449890493},"point_estimate":19.559807314439738,"standard_error":3.084689085214292},"Slope":{"confidence_interval":{"confidence_level":0.95,"lower_bound":502.847817055366,"upper_bound":511.19772603749465},"point_estimate":507.20540621776973,"standard_error":2.14713508471505},"StdDev":{"confidence_interval":{"confidence_level":0.95,"lower_bound":20.790747592807627,"upper_bound":60.05547539002844},"point_estimate":43.433202977515634,"standard_error":9.544653334361495}}