{"Mean":{"confidence_interval":{"confidence_level":0.95,"lower_bound":496.25926267294943,"upper_bound":514.4288197767247},"point_estimate":504.67990721714193,"standard_error":4.625487400661416},"Median":{"confidence_interval":{"confidence_level":0.95,"lower_bound":489.397925204918,"upper_bound":502.4253434553466},"point_estimate":496.934457277695,"standard_error":3.183432032492275},"MedianAbsDev":{"confidence_interval":{"confidence_level":0.95,"lower_bound":22.191554493636403,"upper_bound":40.97587102485169},"point_estimate":31.53200848332144,"standard_error":4.991404043350363},"Slope":{"confidence_interval":{"confidence_level":0.95,"lower_bound":502.1832792762852,"upper_bound":520.2354719434024},"point_estimate":510.8837600414984,"standard_error":4.609317374841328},"StdDev":{"confidence_interval":{"confidence_level":0.95,"lower_bound":30.66382036895645,"upper_bound":63.423558745003795},"point_estimate":46.442370582642326,"standard_error":8.876736744162653}}