{"Mean":{"confidence_interval":{"confidence_level":0.95,"lower_bound":-0.17957926320511383,"upper_bound":-0.15999630891929773},"point_estimate":-0.17090008831522274,"standard_error":0.004968879920796023},"Median":{"confidence_interval":{"confidence_level":0.95,"lower_bound":-0.1797628754366899,"upper_bound":-0.1672260214165312},"point_estimate":-0.17292979882267645,"standard_error":0.003087631313986334}}