{"Mean":{"confidence_interval":{"confidence_level":0.95,"lower_bound":-0.04017073369550608,"upper_bound":0.02399791869020107},"point_estimate":-0.00896141332475997,"standard_error":0.01627679318021317},"Median":{"confidence_interval":{"confidence_level":0.95,"lower_bound":-0.024205899285292265,"upper_bound":0.00955575562312907},"point_estimate":-0.008144676846958854,"standard_error":0.008326744030406107}}