{"Mean":{"confidence_interval":{"confidence_level":0.95,"lower_bound":0.010093604073931112,"upper_bound":0.03545819811892644},"point_estimate":0.02296186453054405,"standard_error":0.006502401265165507},"Median":{"confidence_interval":{"confidence_level":0.95,"lower_bound":-0.0006560994833129108,"upper_bound":0.01267234556815749},"point_estimate":0.004288876324985091,"standard_error":0.003468035350834833}}