{"Mean":{"confidence_interval":{"confidence_level":0.95,"lower_bound":-0.14055312244573112,"upper_bound":-0.03402959895556452},"point_estimate":-0.08585608076227713,"standard_error":0.027225881260976033},"Median":{"confidence_interval":{"confidence_level":0.95,"lower_bound":-0.019752464020884264,"upper_bound":0.004559329881658858},"point_estimate":-0.006642011493577682,"standard_error":0.006584740870727812}}