{"Mean":{"confidence_interval":{"confidence_level":0.95,"lower_bound":885.4998644409941,"upper_bound":929.4983117607334},"point_estimate":905.8482460451851,"standard_error":11.237182642624866},"Median":{"confidence_interval":{"confidence_level":0.95,"lower_bound":865.2495024157988,"upper_bound":874.7745176399378},"point_estimate":870.7203280731846,"standard_error":2.7980720085436217},"MedianAbsDev":{"confidence_interval":{"confidence_level":0.95,"lower_bound":21.045496415623948,"upper_bound":44.52069444684784},"point_estimate":30.875736736312383,"standard_error":6.2900952412068465},"Slope":{"confidence_interval":{"confidence_level":0.95,"lower_bound":873.9897286710877,"upper_bound":897.593937236218},"point_estimate":884.8358270671844,"standard_error":6.032294797180955},"StdDev":{"confidence_interval":{"confidence_level":0.95,"lower_bound":71.16931218082668,"upper_bound":147.28023676739565},"point_estimate":113.45201272234208,"standard_error":19.43439736288992}}