{"Mean":{"confidence_interval":{"confidence_level":0.95,"lower_bound":836.2610844600794,"upper_bound":856.5046990504436},"point_estimate":845.5328801998224,"standard_error":5.182432379032938},"Median":{"confidence_interval":{"confidence_level":0.95,"lower_bound":826.8703166815343,"upper_bound":841.6677673186255},"point_estimate":830.0811515880755,"standard_error":3.5407023547615273},"MedianAbsDev":{"confidence_interval":{"confidence_level":0.95,"lower_bound":19.35944260177869,"upper_bound":33.226581546371435},"point_estimate":25.138221347611488,"standard_error":3.4270939776748572},"Slope":{"confidence_interval":{"confidence_level":0.95,"lower_bound":824.2312836798242,"upper_bound":836.2834923208582},"point_estimate":829.8124996694485,"standard_error":3.0642345977647567},"StdDev":{"confidence_interval":{"confidence_level":0.95,"lower_bound":30.29089831926207,"upper_bound":72.5271042808495},"point_estimate":51.83812108182992,"standard_error":11.017381929533945}}