{"Mean":{"confidence_interval":{"confidence_level":0.95,"lower_bound":-0.07071481139760906,"upper_bound":-0.03217787112562904},"point_estimate":-0.05228841058824418,"standard_error":0.009768180511755707},"Median":{"confidence_interval":{"confidence_level":0.95,"lower_bound":-0.061353064203199414,"upper_bound":-0.03951958736164429},"point_estimate":-0.04880299267240962,"standard_error":0.006024140495650519}}