{"Mean":{"confidence_interval":{"confidence_level":0.95,"lower_bound":-0.037962829826668286,"upper_bound":0.015961521937594165},"point_estimate":-0.01193650905926158,"standard_error":0.013859500532454975},"Median":{"confidence_interval":{"confidence_level":0.95,"lower_bound":-0.022602928464428445,"upper_bound":-0.005085334124958818},"point_estimate":-0.013703551315392581,"standard_error":0.004421832086694027}}