{"Mean":{"confidence_interval":{"confidence_level":0.95,"lower_bound":-0.0776778639431052,"upper_bound":-0.016859854929542784},"point_estimate":-0.04563039857285012,"standard_error":0.015555916845647893},"Median":{"confidence_interval":{"confidence_level":0.95,"lower_bound":-0.05404555386895149,"upper_bound":-0.02388761506972903},"point_estimate":-0.03473780963432527,"standard_error":0.007892144166286367}}