{"Mean":{"confidence_interval":{"confidence_level":0.95,"lower_bound":-0.01335728003549328,"upper_bound":0.01284828657922466},"point_estimate":-0.0004325024080715778,"standard_error":0.006807500343987061},"Median":{"confidence_interval":{"confidence_level":0.95,"lower_bound":-0.010670474436643818,"upper_bound":0.007138121594135068},"point_estimate":-0.0018865886774962481,"standard_error":0.004380463407686757}}