{"Mean":{"confidence_interval":{"confidence_level":0.95,"lower_bound":694119.3724625695,"upper_bound":702850.5291182866},"point_estimate":698215.615740642,"standard_error":2235.677866650004},"Median":{"confidence_interval":{"confidence_level":0.95,"lower_bound":695921.78125,"upper_bound":700131.7184235976},"point_estimate":698089.1597280628,"standard_error":1006.8668186901994},"MedianAbsDev":{"confidence_interval":{"confidence_level":0.95,"lower_bound":8813.766870361073,"upper_bound":20228.3942555904},"point_estimate":14265.509517687418,"standard_error":3013.433640702474},"Slope":{"confidence_interval":{"confidence_level":0.95,"lower_bound":691891.0212540616,"upper_bound":698644.2585820268},"point_estimate":695249.7105009606,"standard_error":1717.190693904106},"StdDev":{"confidence_interval":{"confidence_level":0.95,"lower_bound":14233.238139672634,"upper_bound":30825.65326385994},"point_estimate":22459.588684614,"standard_error":4396.671834272147}}