{"Mean":{"confidence_interval":{"confidence_level":0.95,"lower_bound":649127.4298620495,"upper_bound":672843.868596862},"point_estimate":659785.022554244,"standard_error":6089.041097636388},"Median":{"confidence_interval":{"confidence_level":0.95,"lower_bound":639691.5596794166,"upper_bound":645846.4976744186},"point_estimate":642701.3605769231,"standard_error":1614.357799934173},"MedianAbsDev":{"confidence_interval":{"confidence_level":0.95,"lower_bound":10289.679089095986,"upper_bound":20903.440430852515},"point_estimate":15684.896948969881,"standard_error":2855.2600135553853},"Slope":{"confidence_interval":{"confidence_level":0.95,"lower_bound":648216.4884991316,"upper_bound":662789.5107259436},"point_estimate":655138.2662967341,"standard_error":3726.8420700201623},"StdDev":{"confidence_interval":{"confidence_level":0.95,"lower_bound":31008.914722497535,"upper_bound":85211.33182843805},"point_estimate":61120.77780040635,"standard_error":13734.193393856767}}