{"Mean":{"confidence_interval":{"confidence_level":0.95,"lower_bound":-0.043156152776735665,"upper_bound":0.010180857838985036},"point_estimate":-0.016632224850302024,"standard_error":0.013577105722063682},"Median":{"confidence_interval":{"confidence_level":0.95,"lower_bound":-0.02560583620430279,"upper_bound":0.009358346657205141},"point_estimate":-0.006697302914292935,"standard_error":0.008922094225379483}}