{"Mean":{"confidence_interval":{"confidence_level":0.95,"lower_bound":-0.03574620112984738,"upper_bound":0.0030663887001368168},"point_estimate":-0.01670830477606,"standard_error":0.010108068669952645},"Median":{"confidence_interval":{"confidence_level":0.95,"lower_bound":-0.03762609189552846,"upper_bound":-0.004820984808235007},"point_estimate":-0.018688275199225113,"standard_error":0.008409295237306777}}