{"Mean":{"confidence_interval":{"confidence_level":0.95,"lower_bound":-0.02375421047424525,"upper_bound":0.020767879634588933},"point_estimate":-0.0036110777812023986,"standard_error":0.011616952075694192},"Median":{"confidence_interval":{"confidence_level":0.95,"lower_bound":-0.02583753300341607,"upper_bound":-0.007995430793922056},"point_estimate":-0.017219410680684333,"standard_error":0.004616816668655114}}