{"Mean":{"confidence_interval":{"confidence_level":0.95,"lower_bound":-0.12318176965539052,"upper_bound":-0.032599134540488975},"point_estimate":-0.077482920495339,"standard_error":0.02316036669091095},"Median":{"confidence_interval":{"confidence_level":0.95,"lower_bound":-0.03917622388878228,"upper_bound":0.0011311736340145484},"point_estimate":-0.0187260823927331,"standard_error":0.010057645373202815}}