{"Mean":{"confidence_interval":{"confidence_level":0.95,"lower_bound":481.9851550565342,"upper_bound":502.23091608610974},"point_estimate":490.71482727763447,"standard_error":5.211901699722463},"Median":{"confidence_interval":{"confidence_level":0.95,"lower_bound":475.28618118346293,"upper_bound":481.0487548721861},"point_estimate":478.07301511871447,"standard_error":1.403746810009148},"MedianAbsDev":{"confidence_interval":{"confidence_level":0.95,"lower_bound":9.329764574661322,"upper_bound":17.659226312342327},"point_estimate":12.799013533853113,"standard_error":2.091522398570117},"Slope":{"confidence_interval":{"confidence_level":0.95,"lower_bound":477.4648907493481,"upper_bound":485.8354971239131},"point_estimate":481.45632782234844,"standard_error":2.139444805848882},"StdDev":{"confidence_interval":{"confidence_level":0.95,"lower_bound":17.645329270281568,"upper_bound":80.94508573195516},"point_estimate":52.539972687146964,"standard_error":16.490078845771656}}