{"Mean":{"confidence_interval":{"confidence_level":0.95,"lower_bound":4492.952105913954,"upper_bound":4615.760788341038},"point_estimate":4551.147723127128,"standard_error":31.315730404362707},"Median":{"confidence_interval":{"confidence_level":0.95,"lower_bound":4462.563845401174,"upper_bound":4545.391139609444},"point_estimate":4513.0022680425545,"standard_error":22.887250152926978},"MedianAbsDev":{"confidence_interval":{"confidence_level":0.95,"lower_bound":146.2921916493694,"upper_bound":260.7083662005298},"point_estimate":219.22961998546094,"standard_error":29.192843249281278},"Slope":{"confidence_interval":{"confidence_level":0.95,"lower_bound":4447.585423379604,"upper_bound":4544.530789442996},"point_estimate":4495.7993436047755,"standard_error":24.655888690960047},"StdDev":{"confidence_interval":{"confidence_level":0.95,"lower_bound":220.14673773776036,"upper_bound":399.7034830605201},"point_estimate":314.92314989554,"standard_error":45.85537602886753}}