{"Mean":{"confidence_interval":{"confidence_level":0.95,"lower_bound":588.1380844115217,"upper_bound":605.86402475443},"point_estimate":596.0676935932202,"standard_error":4.553685113998771},"Median":{"confidence_interval":{"confidence_level":0.95,"lower_bound":585.1283443165923,"upper_bound":594.5995113551464},"point_estimate":591.7004459034516,"standard_error":3.1453618584929184},"MedianAbsDev":{"confidence_interval":{"confidence_level":0.95,"lower_bound":12.53738213521363,"upper_bound":19.345936713523766},"point_estimate":16.99343387701612,"standard_error":1.7337902974417634},"Slope":{"confidence_interval":{"confidence_level":0.95,"lower_bound":591.2690131447373,"upper_bound":596.0067479215576},"point_estimate":593.77896067908,"standard_error":1.2137240284121988},"StdDev":{"confidence_interval":{"confidence_level":0.95,"lower_bound":20.268243309093474,"upper_bound":65.69949710499388},"point_estimate":45.89694969574418,"standard_error":11.558533086618125}}