{"Mean":{"confidence_interval":{"confidence_level":0.95,"lower_bound":605.6968472596815,"upper_bound":630.2846868997304},"point_estimate":616.22996024151,"standard_error":6.341373338067785},"Median":{"confidence_interval":{"confidence_level":0.95,"lower_bound":597.1489722042663,"upper_bound":607.037421854164},"point_estimate":601.3298414535761,"standard_error":2.3094250467337485},"MedianAbsDev":{"confidence_interval":{"confidence_level":0.95,"lower_bound":14.570993656014176,"upper_bound":24.530552058292088},"point_estimate":18.493844684463134,"standard_error":2.5388496760401633},"Slope":{"confidence_interval":{"confidence_level":0.95,"lower_bound":597.9493927635975,"upper_bound":614.4814671747681},"point_estimate":605.8165675204845,"standard_error":4.236007079627976},"StdDev":{"confidence_interval":{"confidence_level":0.95,"lower_bound":26.764664308930932,"upper_bound":99.16332206475491},"point_estimate":64.14623811274554,"standard_error":20.938558309308753}}