{"Mean":{"confidence_interval":{"confidence_level":0.95,"lower_bound":0.0931854213748126,"upper_bound":0.11215411550778381},"point_estimate":0.10244557235580376,"standard_error":0.004813734812941607},"Median":{"confidence_interval":{"confidence_level":0.95,"lower_bound":0.0940541350973616,"upper_bound":0.10996896575310111},"point_estimate":0.10074683028644293,"standard_error":0.004593242497566089}}