{"Mean":{"confidence_interval":{"confidence_level":0.95,"lower_bound":-0.03298262941669023,"upper_bound":0.02181848349898389},"point_estimate":-0.005704230625909745,"standard_error":0.013760197427034588},"Median":{"confidence_interval":{"confidence_level":0.95,"lower_bound":-0.018761294901408543,"upper_bound":-0.0001168354128355649},"point_estimate":-0.00976642415490414,"standard_error":0.004888775068704047}}