{"Mean":{"confidence_interval":{"confidence_level":0.95,"lower_bound":2.931903609853305e21,"upper_bound":6.920101942035555e21},"point_estimate":4.392222343171256e21,"standard_error":1.0351001424827541e21},"Median":{"confidence_interval":{"confidence_level":0.95,"lower_bound":9.720655019209426e21,"upper_bound":1.374529602547305e22},"point_estimate":1.1848989997100618e22,"standard_error":9.561611952998302e20}}