{"Mean":{"confidence_interval":{"confidence_level":0.95,"lower_bound":-0.4352818221123966,"upper_bound":0.8214481494645631},"point_estimate":-0.0007564156276268497,"standard_error":0.3247364439105311},"Median":{"confidence_interval":{"confidence_level":0.95,"lower_bound":-0.23262736794395056,"upper_bound":0.32377275455046894},"point_estimate":0.024900400114541865,"standard_error":0.14357052401566}}