{"Mean":{"confidence_interval":{"confidence_level":0.95,"lower_bound":-0.022351947978727853,"upper_bound":0.04476328489343651},"point_estimate":0.008308033667984382,"standard_error":0.01689136063816496},"Median":{"confidence_interval":{"confidence_level":0.95,"lower_bound":0.00587004654030121,"upper_bound":0.03207334842745957},"point_estimate":0.019718491596365517,"standard_error":0.006653062803739346}}