{"Mean":{"confidence_interval":{"confidence_level":0.95,"lower_bound":-0.05815001532820064,"upper_bound":-0.007710852187895617},"point_estimate":-0.03383187170548785,"standard_error":0.012831644730179377},"Median":{"confidence_interval":{"confidence_level":0.95,"lower_bound":-0.037225396803208355,"upper_bound":-0.004449281303021468},"point_estimate":-0.02077266447058268,"standard_error":0.007671764429172862}}