{"Mean":{"confidence_interval":{"confidence_level":0.95,"lower_bound":7.692762510594378e-17,"upper_bound":1.792550450352405e-16},"point_estimate":1.202893886425709e-16,"standard_error":2.659019330528406e-17},"Median":{"confidence_interval":{"confidence_level":0.95,"lower_bound":3.871763460325096e-17,"upper_bound":5.748982107755446e-17},"point_estimate":4.695002054666947e-17,"standard_error":4.920347683153192e-18},"MedianAbsDev":{"confidence_interval":{"confidence_level":0.95,"lower_bound":1.8444871881375693e-17,"upper_bound":4.295249032220026e-17},"point_estimate":2.877578136917519e-17,"standard_error":6.25318970090155e-18},"Slope":{"confidence_interval":{"confidence_level":0.95,"lower_bound":3.274890604624417e-17,"upper_bound":3.7940714148162345e-17},"point_estimate":3.50062995468038e-17,"standard_error":1.326814999720572e-18},"StdDev":{"confidence_interval":{"confidence_level":0.95,"lower_bound":9.24520330646103e-17,"upper_bound":4.1983614914931817e-16},"point_estimate":2.674997406895457e-16,"standard_error":9.25018587243857e-17}}