{"Mean":{"confidence_interval":{"confidence_level":0.95,"lower_bound":523058.2647711699,"upper_bound":530048.0686597818},"point_estimate":526625.6272406396,"standard_error":1787.8567359325582},"Median":{"confidence_interval":{"confidence_level":0.95,"lower_bound":530070.6907843137,"upper_bound":533055.5401404151},"point_estimate":532536.968560606,"standard_error":751.0066794886475},"MedianAbsDev":{"confidence_interval":{"confidence_level":0.95,"lower_bound":6777.54114312935,"upper_bound":17630.625906376168},"point_estimate":13001.790965164937,"standard_error":2449.111802763586},"Slope":{"confidence_interval":{"confidence_level":0.95,"lower_bound":509238.66401075985,"upper_bound":517823.55594639253},"point_estimate":513175.9910447761,"standard_error":2192.1006364036953},"StdDev":{"confidence_interval":{"confidence_level":0.95,"lower_bound":15657.754074251716,"upper_bound":19789.41024754168},"point_estimate":17942.982473649106,"standard_error":1047.9780037164703}}