{"Mean":{"confidence_interval":{"confidence_level":0.95,"lower_bound":2500.653710274181,"upper_bound":2603.475972980752},"point_estimate":2544.8238342984405,"standard_error":26.646277830118397},"Median":{"confidence_interval":{"confidence_level":0.95,"lower_bound":2460.2084798310416,"upper_bound":2493.946485368957},"point_estimate":2472.906490578748,"standard_error":7.6949267588829615},"MedianAbsDev":{"confidence_interval":{"confidence_level":0.95,"lower_bound":44.92044557951331,"upper_bound":82.53087149167688},"point_estimate":60.78038836847609,"standard_error":8.74581737365157},"Slope":{"confidence_interval":{"confidence_level":0.95,"lower_bound":2470.4178555045983,"upper_bound":2521.278710927104},"point_estimate":2493.8055499390657,"standard_error":13.086540876244758},"StdDev":{"confidence_interval":{"confidence_level":0.95,"lower_bound":113.00332262643849,"upper_bound":411.83619625158923},"point_estimate":267.7848515108913,"standard_error":84.20170807667314}}